{"cameraMode":{"drawMode":0,"name":"Shaded","section":"Shading Mode"},"sceneLighting":false,"audioPlay":false,"sceneViewState":{"showFog":true,"showMaterialUpdate":false,"showSkybox":false,"showFlares":true,"showImageEffects":true,"showParticleSystems":true},"in2DMode":false,"pivot":{"x":0.0,"y":1.2577886581420899,"z":-2.9802322387695315e-8},"rotation":{"x":0.07780198752880097,"y":-0.13358663022518159,"z":0.010559353046119213,"w":0.9879440069198608},"size":2.392422914505005,"orthographic":false}