{"cameraMode":{"drawMode":0,"name":"Shaded","section":"Shading Mode"},"sceneLighting":false,"audioPlay":false,"sceneViewState":{"showFog":true,"showMaterialUpdate":false,"showSkybox":false,"showFlares":true,"showImageEffects":true,"showParticleSystems":true},"in2DMode":false,"pivot":{"x":2.5799999237060549,"y":0.9811561107635498,"z":1.5899999141693116},"rotation":{"x":0.33511602878570559,"y":-0.06577799469232559,"z":0.023516522720456125,"w":0.9396085143089294},"size":3.5527148246765138,"orthographic":false}