{"cameraMode":{"drawMode":0,"name":"Shaded","section":"Shading Mode"},"sceneLighting":true,"audioPlay":false,"sceneViewState":{"showFog":true,"showMaterialUpdate":false,"showSkybox":true,"showFlares":true,"showImageEffects":true,"showParticleSystems":true},"in2DMode":false,"pivot":{"x":3.75,"y":6.929999828338623,"z":-2.990000009536743},"rotation":{"x":0.4516436457633972,"y":-0.0007893237052485347,"z":0.0004584558482747525,"w":0.892224907875061},"size":14.45916748046875,"orthographic":false}