{"cameraMode":{"drawMode":0,"name":"Shaded","section":"Shading Mode"},"sceneLighting":true,"audioPlay":false,"sceneViewState":{"showFog":true,"showMaterialUpdate":false,"showSkybox":true,"showFlares":true,"showImageEffects":true,"showParticleSystems":true},"in2DMode":false,"pivot":{"x":3.496347665786743,"y":9.909478187561036,"z":-9.446935653686524},"rotation":{"x":0.33511602878570559,"y":-0.06577799469232559,"z":0.023516522720456125,"w":0.9396085143089294},"size":24.256975173950197,"orthographic":false}