{"cameraMode":{"drawMode":0,"name":"Shaded","section":"Shading Mode"},"sceneLighting":false,"audioPlay":false,"sceneViewState":{"showFog":true,"showMaterialUpdate":false,"showSkybox":false,"showFlares":true,"showImageEffects":true,"showParticleSystems":true},"in2DMode":false,"pivot":{"x":0.0,"y":-0.12500035762786866,"z":-4.76837158203125e-7},"rotation":{"x":0.5521868467330933,"y":0.006251915358006954,"z":-0.004143371246755123,"w":0.8336929082870483},"size":18.672176361083986,"orthographic":false}