{"cameraMode":{"drawMode":0,"name":"Shaded","section":"Shading Mode"},"sceneLighting":false,"audioPlay":false,"sceneViewState":{"showFog":true,"showMaterialUpdate":false,"showSkybox":false,"showFlares":true,"showImageEffects":true,"showParticleSystems":true},"in2DMode":false,"pivot":{"x":0.0,"y":0.5046577453613281,"z":-2.9802322387695315e-8},"rotation":{"x":0.33511602878570559,"y":-0.06577799469232559,"z":0.023516522720456125,"w":0.9396085143089294},"size":2.2162563800811769,"orthographic":false}